{
    "parent": "item/handheld",
    "textures": {
        "layer0": "items/wood_hoe"
    },
	"overrides": [
		{"predicate": {"damaged": 0, "damage": 0}, "model": "item/wooden_hoe"},
		{"predicate": {"damaged": 0, "damage": 0.01666666666667}, "model": "item/qq"},
		{"predicate": {"damaged": 0, "damage": 0.03333333333334}, "model": "item/wechat"},
		{"predicate": {"damaged": 0, "damage": 0.05000000000001}, "model": "item/alipay"},
		{"predicate": {"damaged": 0, "damage": 0.06666666666668}, "model": "item/icon_web"},
		{"predicate": {"damaged": 1, "damage": 0}, "model": "item/wooden_hoe"}
	]
}
